{
  "cities": [
    {
      "id": 1,
      "slug": "istanbul",
      "name": "İstanbul",
      "region": "Marmara",
      "plateCode": "34",
      "population": "15840900",
      "isPopular": true,
      "metaTitle": "İstanbul Hasarlı Araç Alımı | Aynı Gün Nakit Ödeme",
      "metaDescription": "İstanbul'da hasarlı, kazalı, pert ve hurda araç alımı yapıyoruz. Avrupa ve Anadolu yakasında ücretsiz çekici, aynı gün ödeme. Hemen arayın!",
      "heroTitle": "İstanbul Hasarlı Araç Alımı",
      "heroSubtitle": "İstanbul'un tüm ilçelerinde hasarlı araç alım hizmeti veriyoruz. Avrupa ve Anadolu yakası fark etmez, ücretsiz çekici ile aracınızı alıyoruz.",
      "districts": ["Kadıköy", "Beşiktaş", "Şişli", "Bakırköy", "Ataşehir", "Maltepe", "Pendik", "Kartal", "Üsküdar", "Fatih", "Beyoğlu", "Sarıyer", "Beykoz", "Zeytinburnu", "Güngören", "Bahçelievler", "Bağcılar", "Küçükçekmece", "Başakşehir", "Esenyurt", "Beylikdüzü", "Avcılar", "Büyükçekmece", "Silivri", "Çatalca", "Arnavutköy", "Eyüpsultan", "Sultangazi", "Gaziosmanpaşa", "Kağıthane", "Tuzla", "Çekmeköy", "Sancaktepe", "Ümraniye", "Sultanbeyli", "Şile", "Adalar"],
      "advantages": [
        "Avrupa ve Anadolu yakası hizmet ağı",
        "İstanbul trafiğine takılmadan hızlı işlem",
        "Tüm ilçelere ücretsiz çekici",
        "Aynı gün ekspertiz ve ödeme"
      ],
      "content": "İstanbul'da hasarlı, kazalı, pert ve hurda araç alımı konusunda en güvenilir adresiniz. 34 plakalı tüm araçları değerinde satın alıyoruz. Avrupa yakası ve Anadolu yakası fark etmeksizin ücretsiz çekici hizmeti ile aracınızı bulunduğu yerden alıyoruz."
    },
    {
      "id": 2,
      "slug": "ankara",
      "name": "Ankara",
      "region": "İç Anadolu",
      "plateCode": "06",
      "population": "5747325",
      "isPopular": true,
      "metaTitle": "Ankara Hasarlı Araç Alımı | Başkent Geneli Hizmet",
      "metaDescription": "Ankara'da hasarlı araç alımı yapıyoruz. Tüm ilçelerde ücretsiz çekici, aynı gün nakit ödeme. Ankara hasarlı araç satmak için arayın!",
      "heroTitle": "Ankara Hasarlı Araç Alımı",
      "heroSubtitle": "Başkent Ankara'nın tüm ilçelerinde hasarlı araç alım hizmeti. Merkez ve çevre ilçelerde ücretsiz çekici.",
      "districts": ["Çankaya", "Keçiören", "Yenimahalle", "Mamak", "Etimesgut", "Sincan", "Altındağ", "Pursaklar", "Gölbaşı", "Polatlı", "Beypazarı", "Çubuk"],
      "advantages": [
        "Ankara merkez ve çevre ilçelere hizmet",
        "Organize sanayi bölgelerinden araç alımı",
        "Devlet dairesi araçlarında uzmanlık",
        "Hızlı ekspertiz ve ödeme"
      ],
      "content": "Ankara'da hasarlı araç alımında güvenilir çözüm ortağınız. 06 plakalı tüm araçları değerinde satın alıyoruz. Çankaya'dan Sincan'a, Keçiören'den Gölbaşı'na tüm ilçelerde hizmet veriyoruz."
    },
    {
      "id": 3,
      "slug": "izmir",
      "name": "İzmir",
      "region": "Ege",
      "plateCode": "35",
      "population": "4425789",
      "isPopular": true,
      "metaTitle": "İzmir Hasarlı Araç Alımı | Ege Bölgesi Hizmeti",
      "metaDescription": "İzmir'de hasarlı, kazalı araç alımı. Tüm ilçelerde ücretsiz çekici, anında nakit ödeme. İzmir hasarlı araç fiyatları için arayın!",
      "heroTitle": "İzmir Hasarlı Araç Alımı",
      "heroSubtitle": "Ege'nin incisi İzmir'de hasarlı araç alımı yapıyoruz. Kıyı ilçelerinden iç kesimlere tüm İzmir'de hizmet.",
      "districts": ["Konak", "Bornova", "Karşıyaka", "Buca", "Bayraklı", "Çiğli", "Gaziemir", "Balçova", "Narlıdere", "Karabağlar", "Torbalı", "Menemen", "Kemalpaşa", "Ödemiş", "Bergama", "Aliağa"],
      "advantages": [
        "İzmir merkez ve tüm ilçelere hizmet",
        "Ege Bölgesi çapında alım ağı",
        "Liman bölgesinden araç alımı",
        "Turistik bölgelere özel hizmet"
      ],
      "content": "İzmir'de hasarlı araç satmak istiyorsanız doğru adrestesiniz. 35 plakalı tüm araçları değerinde satın alıyoruz. Alsancak'tan Bornova'ya, Karşıyaka'dan Torbalı'ya ücretsiz çekici hizmeti."
    },
    {
      "id": 4,
      "slug": "bursa",
      "name": "Bursa",
      "region": "Marmara",
      "plateCode": "16",
      "population": "3147818",
      "isPopular": true,
      "metaTitle": "Bursa Hasarlı Araç Alımı | Sanayi Şehri Hizmeti",
      "metaDescription": "Bursa'da hasarlı araç alımı yapıyoruz. Tüm ilçelerde ücretsiz çekici, aynı gün ödeme. Bursa hasarlı araç satış için arayın!",
      "heroTitle": "Bursa Hasarlı Araç Alımı",
      "heroSubtitle": "Sanayi şehri Bursa'da hasarlı araç alımı. Otomotiv sektörü tecrübemizle en iyi fiyatı sunuyoruz.",
      "districts": ["Osmangazi", "Nilüfer", "Yıldırım", "Mudanya", "Gemlik", "İnegöl", "Karacabey", "Mustafakemalpaşa", "Gürsu", "Kestel"],
      "advantages": [
        "Otomotiv sektörü uzmanlığı",
        "Sanayi bölgelerinden alım",
        "Organize sanayi erişimi",
        "Hızlı değerleme ve ödeme"
      ],
      "content": "Bursa'da hasarlı araç alımında sektör tecrübesiyle hizmet veriyoruz. 16 plakalı araçları değerinde satın alıyoruz. Otomotiv sanayisinin merkezi Bursa'da profesyonel hizmet."
    },
    {
      "id": 5,
      "slug": "antalya",
      "name": "Antalya",
      "region": "Akdeniz",
      "plateCode": "07",
      "population": "2619832",
      "isPopular": true,
      "metaTitle": "Antalya Hasarlı Araç Alımı | Akdeniz Bölgesi Hizmeti",
      "metaDescription": "Antalya'da hasarlı araç alımı. Turistik bölgeler dahil tüm ilçelerde ücretsiz çekici. Antalya araç satış için arayın!",
      "heroTitle": "Antalya Hasarlı Araç Alımı",
      "heroSubtitle": "Turizm şehri Antalya'da hasarlı araç alımı yapıyoruz. Kıyı şeridinden iç kesimlere tüm ilçelerde hizmet.",
      "districts": ["Muratpaşa", "Kepez", "Konyaaltı", "Aksu", "Döşemealtı", "Alanya", "Manavgat", "Serik", "Kumluca", "Kaş", "Kemer", "Finike"],
      "advantages": [
        "Turistik bölgelere özel hizmet",
        "Kiralık araç şirketlerine hizmet",
        "Akdeniz kıyı şeridi kapsama",
        "Sezonluk araç alımında uzmanlık"
      ],
      "content": "Antalya'da hasarlı araç satmak için en iyi adres. 07 plakalı tüm araçları değerinde alıyoruz. Alanya'dan Kaş'a, Manavgat'tan Kemer'e ücretsiz çekici hizmeti."
    },
    {
      "id": 6,
      "slug": "adana",
      "name": "Adana",
      "region": "Akdeniz",
      "plateCode": "01",
      "population": "2274106",
      "isPopular": true,
      "metaTitle": "Adana Hasarlı Araç Alımı | Çukurova Bölgesi Hizmeti",
      "metaDescription": "Adana'da hasarlı araç alımı yapıyoruz. Tüm ilçelerde ücretsiz çekici, anında nakit ödeme. Adana araç satış için hemen arayın!",
      "heroTitle": "Adana Hasarlı Araç Alımı",
      "heroSubtitle": "Çukurova'nın merkezi Adana'da hasarlı araç alımı. Tarım ve sanayi araçlarında da uzmanız.",
      "districts": ["Seyhan", "Çukurova", "Yüreğir", "Sarıçam", "Ceyhan", "Kozan", "İmamoğlu", "Karaisalı", "Pozantı", "Tufanbeyli"],
      "advantages": [
        "Çukurova bölgesi kapsama",
        "Tarım araçları alımı",
        "Sanayi bölgesi erişimi",
        "Güneydoğu bağlantı noktası"
      ],
      "content": "Adana'da hasarlı araç alımında güvenilir adresiniz. 01 plakalı tüm araçları değerinde satın alıyoruz. Seyhan'dan Ceyhan'a tüm ilçelerde hizmet."
    },
    {
      "id": 7,
      "slug": "kocaeli",
      "name": "Kocaeli",
      "region": "Marmara",
      "plateCode": "41",
      "population": "2079072",
      "isPopular": true,
      "metaTitle": "Kocaeli Hasarlı Araç Alımı | Sanayi Kenti Hizmeti",
      "metaDescription": "Kocaeli'de hasarlı araç alımı. İzmit ve tüm ilçelerde ücretsiz çekici. Kocaeli hasarlı araç satış için arayın!",
      "heroTitle": "Kocaeli Hasarlı Araç Alımı",
      "heroSubtitle": "Sanayi kenti Kocaeli'de hasarlı araç alımı. Otomotiv fabrikalarına yakın konumumuzla hızlı hizmet.",
      "districts": ["İzmit", "Gebze", "Darıca", "Çayırova", "Dilovası", "Körfez", "Derince", "Gölcük", "Kartepe", "Başiskele", "Kandıra", "Karamürsel"],
      "advantages": [
        "Otomotiv sanayisi merkezi",
        "Gebze OSB erişimi",
        "İstanbul-Ankara güzergahı",
        "Liman bölgesi hizmeti"
      ],
      "content": "Kocaeli'de hasarlı araç satmak için doğru adres. 41 plakalı araçları değerinde alıyoruz. İzmit'ten Gebze'ye sanayi bölgesinde uzman hizmet."
    },
    {
      "id": 8,
      "slug": "konya",
      "name": "Konya",
      "region": "İç Anadolu",
      "plateCode": "42",
      "population": "2296347",
      "isPopular": true,
      "metaTitle": "Konya Hasarlı Araç Alımı | İç Anadolu Hizmeti",
      "metaDescription": "Konya'da hasarlı araç alımı yapıyoruz. Tüm ilçelerde ücretsiz çekici, aynı gün ödeme. Konya araç satış için arayın!",
      "heroTitle": "Konya Hasarlı Araç Alımı",
      "heroSubtitle": "Türkiye'nin en geniş ili Konya'da hasarlı araç alımı. Merkez ve çevre ilçelerde ücretsiz çekici.",
      "districts": ["Selçuklu", "Meram", "Karatay", "Ereğli", "Akşehir", "Beyşehir", "Seydişehir", "Cihanbeyli", "Kulu", "Çumra"],
      "advantages": [
        "Geniş coğrafi kapsama",
        "Tarım araçları uzmanlığı",
        "İç Anadolu bağlantısı",
        "Hızlı değerleme ve ödeme"
      ],
      "content": "Konya'da hasarlı araç alımında güvenilir hizmet. 42 plakalı tüm araçları değerinde satın alıyoruz. Selçuklu'dan Ereğli'ye tüm Konya'da hizmet."
    },
    {
      "id": 9,
      "slug": "mersin",
      "name": "Mersin",
      "region": "Akdeniz",
      "plateCode": "33",
      "population": "1916432",
      "isPopular": true,
      "metaTitle": "Mersin Hasarlı Araç Alımı | Liman Kenti Hizmeti",
      "metaDescription": "Mersin'de hasarlı araç alımı. Tüm ilçelerde ücretsiz çekici, anında ödeme. Mersin hasarlı araç satış için arayın!",
      "heroTitle": "Mersin Hasarlı Araç Alımı",
      "heroSubtitle": "Akdeniz'in liman kenti Mersin'de hasarlı araç alımı. Kıyı şeridinden iç kesimlere hizmet.",
      "districts": ["Akdeniz", "Mezitli", "Toroslar", "Yenişehir", "Tarsus", "Silifke", "Erdemli", "Anamur", "Mut", "Gülnar"],
      "advantages": [
        "Liman bölgesi uzmanlığı",
        "Serbest bölge erişimi",
        "Akdeniz kıyı hizmeti",
        "Ticari araç alımı"
      ],
      "content": "Mersin'de hasarlı araç satmak için en iyi adres. 33 plakalı araçları değerinde alıyoruz. Tarsus'tan Silifke'ye tüm Mersin'de ücretsiz çekici."
    },
    {
      "id": 10,
      "slug": "gaziantep",
      "name": "Gaziantep",
      "region": "Güneydoğu Anadolu",
      "plateCode": "27",
      "population": "2130432",
      "isPopular": true,
      "metaTitle": "Gaziantep Hasarlı Araç Alımı | Güneydoğu Hizmeti",
      "metaDescription": "Gaziantep'te hasarlı araç alımı yapıyoruz. Tüm ilçelerde ücretsiz çekici. Gaziantep araç satış için hemen arayın!",
      "heroTitle": "Gaziantep Hasarlı Araç Alımı",
      "heroSubtitle": "Güneydoğu'nun sanayi merkezi Gaziantep'te hasarlı araç alımı. OSB ve merkez ilçelerde hizmet.",
      "districts": ["Şahinbey", "Şehitkamil", "Nizip", "İslahiye", "Nurdağı", "Oğuzeli", "Araban", "Yavuzeli", "Karkamış"],
      "advantages": [
        "Güneydoğu Anadolu merkezi",
        "Sanayi bölgesi erişimi",
        "Sınır ticareti uzmanlığı",
        "Ticari araç alımı"
      ],
      "content": "Gaziantep'te hasarlı araç alımında güvenilir adres. 27 plakalı tüm araçları değerinde satın alıyoruz. Şahinbey'den Nizip'e tüm ilçelerde hizmet."
    },
    {
      "id": 11,
      "slug": "samsun",
      "name": "Samsun",
      "region": "Karadeniz",
      "plateCode": "55",
      "population": "1371274",
      "isPopular": true,
      "metaTitle": "Samsun Hasarlı Araç Alımı | Karadeniz Hizmeti",
      "metaDescription": "Samsun'da hasarlı araç alımı. Tüm ilçelerde ücretsiz çekici, anında ödeme. Samsun araç satış için arayın!",
      "heroTitle": "Samsun Hasarlı Araç Alımı",
      "heroSubtitle": "Karadeniz'in merkezi Samsun'da hasarlı araç alımı. Kıyı ve iç kesim ilçelerde hizmet.",
      "districts": ["İlkadım", "Atakum", "Canik", "Tekkeköy", "Bafra", "Çarşamba", "Vezirköprü", "Havza", "Terme", "Alaçam"],
      "advantages": [
        "Karadeniz bölgesi merkezi",
        "Liman erişimi",
        "Tarım araçları alımı",
        "Bölgesel kapsama"
      ],
      "content": "Samsun'da hasarlı araç satmak için doğru adres. 55 plakalı araçları değerinde alıyoruz. İlkadım'dan Bafra'ya tüm Samsun'da ücretsiz çekici."
    },
    {
      "id": 12,
      "slug": "eskisehir",
      "name": "Eskişehir",
      "region": "İç Anadolu",
      "plateCode": "26",
      "population": "906617",
      "isPopular": false,
      "metaTitle": "Eskişehir Hasarlı Araç Alımı | Üniversite Kenti Hizmeti",
      "metaDescription": "Eskişehir'de hasarlı araç alımı yapıyoruz. Tüm ilçelerde ücretsiz çekici, aynı gün ödeme. Eskişehir araç satış için arayın!",
      "heroTitle": "Eskişehir Hasarlı Araç Alımı",
      "heroSubtitle": "Üniversite kenti Eskişehir'de hasarlı araç alımı. Merkez ve çevre ilçelerde profesyonel hizmet.",
      "districts": ["Odunpazarı", "Tepebaşı", "Çifteler", "Sivrihisar", "Mahmudiye", "Seyitgazi", "Alpu", "İnönü"],
      "advantages": [
        "Üniversite kenti avantajı",
        "Genç nüfusa özel hizmet",
        "Ankara-İstanbul güzergahı",
        "Hızlı ulaşım imkanı"
      ],
      "content": "Eskişehir'de hasarlı araç alımında profesyonel hizmet. 26 plakalı tüm araçları değerinde satın alıyoruz."
    },
    {
      "id": 13,
      "slug": "kayseri",
      "name": "Kayseri",
      "region": "İç Anadolu",
      "plateCode": "38",
      "population": "1441523",
      "isPopular": false,
      "metaTitle": "Kayseri Hasarlı Araç Alımı | İç Anadolu Hizmeti",
      "metaDescription": "Kayseri'de hasarlı araç alımı. Tüm ilçelerde ücretsiz çekici. Kayseri hasarlı araç satış için arayın!",
      "heroTitle": "Kayseri Hasarlı Araç Alımı",
      "heroSubtitle": "Ticaret şehri Kayseri'de hasarlı araç alımı. Sanayi ve ticaret araçlarında uzmanlık.",
      "districts": ["Melikgazi", "Kocasinan", "Talas", "Hacılar", "İncesu", "Develi", "Yahyalı", "Bünyan"],
      "advantages": [
        "Ticaret merkezi",
        "Sanayi bölgesi erişimi",
        "Mobilya sektörü bağlantısı",
        "İç Anadolu kavşağı"
      ],
      "content": "Kayseri'de hasarlı araç satmak için güvenilir adres. 38 plakalı araçları değerinde alıyoruz."
    },
    {
      "id": 14,
      "slug": "diyarbakir",
      "name": "Diyarbakır",
      "region": "Güneydoğu Anadolu",
      "plateCode": "21",
      "population": "1804880",
      "isPopular": false,
      "metaTitle": "Diyarbakır Hasarlı Araç Alımı | Güneydoğu Hizmeti",
      "metaDescription": "Diyarbakır'da hasarlı araç alımı yapıyoruz. Tüm ilçelerde ücretsiz çekici. Diyarbakır araç satış için arayın!",
      "heroTitle": "Diyarbakır Hasarlı Araç Alımı",
      "heroSubtitle": "Güneydoğu Anadolu'nun kalbi Diyarbakır'da hasarlı araç alımı. Bölgesel hizmet ağımızla yanınızdayız.",
      "districts": ["Bağlar", "Kayapınar", "Sur", "Yenişehir", "Bismil", "Ergani", "Silvan", "Çermik", "Çınar", "Dicle"],
      "advantages": [
        "Güneydoğu bölgesi kapsama",
        "Tarım araçları uzmanlığı",
        "Bölgesel bağlantılar",
        "Profesyonel hizmet"
      ],
      "content": "Diyarbakır'da hasarlı araç alımında güvenilir çözüm ortağınız. 21 plakalı tüm araçları değerinde satın alıyoruz."
    },
    {
      "id": 15,
      "slug": "denizli",
      "name": "Denizli",
      "region": "Ege",
      "plateCode": "20",
      "population": "1056332",
      "isPopular": false,
      "metaTitle": "Denizli Hasarlı Araç Alımı | Ege Bölgesi Hizmeti",
      "metaDescription": "Denizli'de hasarlı araç alımı. Tüm ilçelerde ücretsiz çekici. Denizli araç satış için hemen arayın!",
      "heroTitle": "Denizli Hasarlı Araç Alımı",
      "heroSubtitle": "Tekstil kenti Denizli'de hasarlı araç alımı. Pamukkale'den Çivril'e tüm ilçelerde hizmet.",
      "districts": ["Merkezefendi", "Pamukkale", "Çivril", "Acıpayam", "Buldan", "Honaz", "Tavas", "Sarayköy"],
      "advantages": [
        "Tekstil sektörü bağlantısı",
        "Ege Bölgesi erişimi",
        "Turistik bölge hizmeti",
        "Profesyonel değerleme"
      ],
      "content": "Denizli'de hasarlı araç satmak için doğru adres. 20 plakalı araçları değerinde alıyoruz."
    },
    {
      "id": 16,
      "slug": "manisa",
      "name": "Manisa",
      "region": "Ege",
      "plateCode": "45",
      "population": "1456626",
      "isPopular": false,
      "metaTitle": "Manisa Hasarlı Araç Alımı | Ege Hizmeti",
      "metaDescription": "Manisa'da hasarlı araç alımı yapıyoruz. Tüm ilçelerde ücretsiz çekici. Manisa araç satış için arayın!",
      "heroTitle": "Manisa Hasarlı Araç Alımı",
      "heroSubtitle": "Tarım ve sanayi şehri Manisa'da hasarlı araç alımı. İzmir'e yakın konumumuzla hızlı hizmet.",
      "districts": ["Şehzadeler", "Yunusemre", "Turgutlu", "Akhisar", "Salihli", "Soma", "Alaşehir", "Saruhanlı"],
      "advantages": [
        "İzmir yakınlığı",
        "Tarım araçları alımı",
        "Sanayi bölgesi erişimi",
        "Hızlı teslimat"
      ],
      "content": "Manisa'da hasarlı araç alımında güvenilir hizmet. 45 plakalı tüm araçları değerinde satın alıyoruz."
    },
    {
      "id": 17,
      "slug": "trabzon",
      "name": "Trabzon",
      "region": "Karadeniz",
      "plateCode": "61",
      "population": "818023",
      "isPopular": false,
      "metaTitle": "Trabzon Hasarlı Araç Alımı | Karadeniz Hizmeti",
      "metaDescription": "Trabzon'da hasarlı araç alımı. Tüm ilçelerde ücretsiz çekici. Trabzon araç satış için arayın!",
      "heroTitle": "Trabzon Hasarlı Araç Alımı",
      "heroSubtitle": "Karadeniz'in incisi Trabzon'da hasarlı araç alımı. Kıyı şeridinden yaylalara hizmet.",
      "districts": ["Ortahisar", "Akçaabat", "Yomra", "Arsin", "Of", "Sürmene", "Çaykara", "Maçka", "Vakfıkebir"],
      "advantages": [
        "Doğu Karadeniz merkezi",
        "Liman erişimi",
        "Yayla araçları alımı",
        "Bölgesel kapsama"
      ],
      "content": "Trabzon'da hasarlı araç satmak için güvenilir adres. 61 plakalı araçları değerinde alıyoruz."
    },
    {
      "id": 18,
      "slug": "sanliurfa",
      "name": "Şanlıurfa",
      "region": "Güneydoğu Anadolu",
      "plateCode": "63",
      "population": "2143020",
      "isPopular": false,
      "metaTitle": "Şanlıurfa Hasarlı Araç Alımı | Güneydoğu Hizmeti",
      "metaDescription": "Şanlıurfa'da hasarlı araç alımı yapıyoruz. Tüm ilçelerde ücretsiz çekici. Şanlıurfa araç satış için arayın!",
      "heroTitle": "Şanlıurfa Hasarlı Araç Alımı",
      "heroSubtitle": "Tarih şehri Şanlıurfa'da hasarlı araç alımı. GAP bölgesi merkezi olarak geniş hizmet ağı.",
      "districts": ["Eyyübiye", "Haliliye", "Karaköprü", "Birecik", "Viranşehir", "Suruç", "Akçakale", "Siverek", "Harran"],
      "advantages": [
        "GAP bölgesi merkezi",
        "Tarım araçları uzmanlığı",
        "Geniş coğrafi kapsama",
        "Sınır ticareti bağlantısı"
      ],
      "content": "Şanlıurfa'da hasarlı araç alımında profesyonel hizmet. 63 plakalı tüm araçları değerinde satın alıyoruz."
    },
    {
      "id": 19,
      "slug": "sakarya",
      "name": "Sakarya",
      "region": "Marmara",
      "plateCode": "54",
      "population": "1060876",
      "isPopular": false,
      "metaTitle": "Sakarya Hasarlı Araç Alımı | Marmara Hizmeti",
      "metaDescription": "Sakarya'da hasarlı araç alımı. Tüm ilçelerde ücretsiz çekici. Sakarya araç satış için arayın!",
      "heroTitle": "Sakarya Hasarlı Araç Alımı",
      "heroSubtitle": "Sanayi şehri Sakarya'da hasarlı araç alımı. Adapazarı ve tüm ilçelerde profesyonel hizmet.",
      "districts": ["Adapazarı", "Serdivan", "Erenler", "Arifiye", "Hendek", "Sapanca", "Karasu", "Akyazı", "Geyve", "Kaynarca"],
      "advantages": [
        "Otomotiv sanayi merkezi",
        "İstanbul yakınlığı",
        "D-100 güzergahı",
        "Hızlı erişim"
      ],
      "content": "Sakarya'da hasarlı araç satmak için doğru adres. 54 plakalı araçları değerinde alıyoruz."
    },
    {
      "id": 20,
      "slug": "malatya",
      "name": "Malatya",
      "region": "Doğu Anadolu",
      "plateCode": "44",
      "population": "812580",
      "isPopular": false,
      "metaTitle": "Malatya Hasarlı Araç Alımı | Doğu Anadolu Hizmeti",
      "metaDescription": "Malatya'da hasarlı araç alımı yapıyoruz. Tüm ilçelerde ücretsiz çekici. Malatya araç satış için arayın!",
      "heroTitle": "Malatya Hasarlı Araç Alımı",
      "heroSubtitle": "Kayısı diyarı Malatya'da hasarlı araç alımı. Doğu Anadolu bağlantısıyla geniş hizmet.",
      "districts": ["Battalgazi", "Yeşilyurt", "Akçadağ", "Darende", "Doğanşehir", "Hekimhan", "Arguvan", "Arapgir"],
      "advantages": [
        "Doğu Anadolu merkezi",
        "Tarım araçları alımı",
        "Bölgesel bağlantılar",
        "Profesyonel değerleme"
      ],
      "content": "Malatya'da hasarlı araç alımında güvenilir hizmet. 44 plakalı tüm araçları değerinde satın alıyoruz."
    },
    {
      "id": 21,
      "slug": "kahramanmaras",
      "name": "Kahramanmaraş",
      "region": "Akdeniz",
      "plateCode": "46",
      "population": "1177436",
      "isPopular": false,
      "metaTitle": "Kahramanmaraş Hasarlı Araç Alımı | Akdeniz-Güneydoğu Hizmeti",
      "metaDescription": "Kahramanmaraş'ta hasarlı araç alımı. Tüm ilçelerde ücretsiz çekici. Maraş araç satış için arayın!",
      "heroTitle": "Kahramanmaraş Hasarlı Araç Alımı",
      "heroSubtitle": "Tekstil şehri Kahramanmaraş'ta hasarlı araç alımı. Sanayi araçlarında uzmanlık.",
      "districts": ["Onikişubat", "Dulkadiroğlu", "Elbistan", "Afşin", "Göksun", "Pazarcık", "Türkoğlu", "Andırın"],
      "advantages": [
        "Tekstil sanayi merkezi",
        "Akdeniz-Güneydoğu kavşağı",
        "Ticari araç alımı",
        "Bölgesel erişim"
      ],
      "content": "Kahramanmaraş'ta hasarlı araç satmak için güvenilir adres. 46 plakalı araçları değerinde alıyoruz."
    },
    {
      "id": 22,
      "slug": "erzurum",
      "name": "Erzurum",
      "region": "Doğu Anadolu",
      "plateCode": "25",
      "population": "749754",
      "isPopular": false,
      "metaTitle": "Erzurum Hasarlı Araç Alımı | Doğu Anadolu Hizmeti",
      "metaDescription": "Erzurum'da hasarlı araç alımı yapıyoruz. Tüm ilçelerde ücretsiz çekici. Erzurum araç satış için arayın!",
      "heroTitle": "Erzurum Hasarlı Araç Alımı",
      "heroSubtitle": "Doğu Anadolu'nun kapısı Erzurum'da hasarlı araç alımı. Kış şartlarına dayanıklı hizmet ağı.",
      "districts": ["Yakutiye", "Palandöken", "Aziziye", "Horasan", "Oltu", "Pasinler", "Aşkale", "Tortum", "İspir"],
      "advantages": [
        "Doğu Anadolu kapısı",
        "Kış turizmi bölgesi",
        "Askeri araç uzmanlığı",
        "Geniş coğrafi kapsama"
      ],
      "content": "Erzurum'da hasarlı araç alımında profesyonel hizmet. 25 plakalı tüm araçları değerinde satın alıyoruz."
    },
    {
      "id": 23,
      "slug": "van",
      "name": "Van",
      "region": "Doğu Anadolu",
      "plateCode": "65",
      "population": "1141015",
      "isPopular": false,
      "metaTitle": "Van Hasarlı Araç Alımı | Doğu Anadolu Hizmeti",
      "metaDescription": "Van'da hasarlı araç alımı. Tüm ilçelerde ücretsiz çekici. Van araç satış için arayın!",
      "heroTitle": "Van Hasarlı Araç Alımı",
      "heroSubtitle": "Doğu Anadolu'nun incisi Van'da hasarlı araç alımı. Göl çevresinden sınır ilçelerine hizmet.",
      "districts": ["İpekyolu", "Tusba", "Edremit", "Erciş", "Çaldıran", "Başkale", "Özalp", "Gevaş", "Muradiye"],
      "advantages": [
        "Sınır ticareti merkezi",
        "Geniş coğrafi kapsama",
        "Ticari araç uzmanlığı",
        "Bölgesel bağlantılar"
      ],
      "content": "Van'da hasarlı araç satmak için güvenilir adres. 65 plakalı araçları değerinde alıyoruz."
    },
    {
      "id": 24,
      "slug": "balikesir",
      "name": "Balıkesir",
      "region": "Marmara",
      "plateCode": "10",
      "population": "1250610",
      "isPopular": false,
      "metaTitle": "Balıkesir Hasarlı Araç Alımı | Marmara-Ege Hizmeti",
      "metaDescription": "Balıkesir'de hasarlı araç alımı yapıyoruz. Tüm ilçelerde ücretsiz çekici. Balıkesir araç satış için arayın!",
      "heroTitle": "Balıkesir Hasarlı Araç Alımı",
      "heroSubtitle": "Marmara ve Ege'nin kesişim noktası Balıkesir'de hasarlı araç alımı. Kıyıdan iç kesimlere hizmet.",
      "districts": ["Altıeylül", "Karesi", "Bandırma", "Edremit", "Ayvalık", "Burhaniye", "Bigadiç", "Gönen", "Susurluk", "Erdek"],
      "advantages": [
        "Marmara-Ege kavşağı",
        "Turistik ilçeler hizmeti",
        "Tarım araçları alımı",
        "Geniş kapsama alanı"
      ],
      "content": "Balıkesir'de hasarlı araç alımında güvenilir hizmet. 10 plakalı tüm araçları değerinde satın alıyoruz."
    },
    {
      "id": 25,
      "slug": "tekirdag",
      "name": "Tekirdağ",
      "region": "Marmara",
      "plateCode": "59",
      "population": "1113194",
      "isPopular": false,
      "metaTitle": "Tekirdağ Hasarlı Araç Alımı | Trakya Hizmeti",
      "metaDescription": "Tekirdağ'da hasarlı araç alımı. Tüm ilçelerde ücretsiz çekici. Tekirdağ araç satış için arayın!",
      "heroTitle": "Tekirdağ Hasarlı Araç Alımı",
      "heroSubtitle": "Trakya'nın kalbi Tekirdağ'da hasarlı araç alımı. Sanayi bölgelerinden kıyıya hizmet.",
      "districts": ["Süleymanpaşa", "Çorlu", "Çerkezköy", "Ergene", "Kapaklı", "Malkara", "Muratlı", "Hayrabolu", "Şarköy", "Marmaraereğlisi"],
      "advantages": [
        "Avrupa sanayi merkezi",
        "İstanbul yakınlığı",
        "Lojistik merkezi",
        "Hızlı erişim"
      ],
      "content": "Tekirdağ'da hasarlı araç satmak için doğru adres. 59 plakalı araçları değerinde alıyoruz."
    },
    {
      "id": 26,
      "slug": "aydin",
      "name": "Aydın",
      "region": "Ege",
      "plateCode": "09",
      "population": "1148241",
      "isPopular": false,
      "metaTitle": "Aydın Hasarlı Araç Alımı | Ege Hizmeti",
      "metaDescription": "Aydın'da hasarlı araç alımı yapıyoruz. Tüm ilçelerde ücretsiz çekici. Aydın araç satış için arayın!",
      "heroTitle": "Aydın Hasarlı Araç Alımı",
      "heroSubtitle": "Ege'nin tarım merkezi Aydın'da hasarlı araç alımı. Kıyıdan iç kesimlere profesyonel hizmet.",
      "districts": ["Efeler", "Kuşadası", "Didim", "Nazilli", "Söke", "Germencik", "İncirliova", "Çine", "Sultanhisar", "Koçarlı"],
      "advantages": [
        "Turistik ilçeler hizmeti",
        "Tarım araçları alımı",
        "Ege Bölgesi erişimi",
        "Hızlı değerleme"
      ],
      "content": "Aydın'da hasarlı araç alımında güvenilir hizmet. 09 plakalı tüm araçları değerinde satın alıyoruz."
    },
    {
      "id": 27,
      "slug": "mugla",
      "name": "Muğla",
      "region": "Ege",
      "plateCode": "48",
      "population": "1021141",
      "isPopular": false,
      "metaTitle": "Muğla Hasarlı Araç Alımı | Ege-Akdeniz Hizmeti",
      "metaDescription": "Muğla'da hasarlı araç alımı. Tüm ilçelerde ücretsiz çekici. Muğla araç satış için arayın!",
      "heroTitle": "Muğla Hasarlı Araç Alımı",
      "heroSubtitle": "Turizm cenneti Muğla'da hasarlı araç alımı. Bodrum'dan Marmaris'e, Fethiye'den Datça'ya hizmet.",
      "districts": ["Menteşe", "Bodrum", "Fethiye", "Marmaris", "Milas", "Dalaman", "Ortaca", "Köyceğiz", "Datça", "Ula"],
      "advantages": [
        "Turizm merkezi hizmeti",
        "Kiralık araç şirketleri",
        "Sezonluk araç alımı",
        "Premium değerleme"
      ],
      "content": "Muğla'da hasarlı araç satmak için güvenilir adres. 48 plakalı araçları değerinde alıyoruz."
    },
    {
      "id": 28,
      "slug": "hatay",
      "name": "Hatay",
      "region": "Akdeniz",
      "plateCode": "31",
      "population": "1686043",
      "isPopular": false,
      "metaTitle": "Hatay Hasarlı Araç Alımı | Akdeniz Hizmeti",
      "metaDescription": "Hatay'da hasarlı araç alımı yapıyoruz. Tüm ilçelerde ücretsiz çekici. Hatay araç satış için arayın!",
      "heroTitle": "Hatay Hasarlı Araç Alımı",
      "heroSubtitle": "Medeniyetler şehri Hatay'da hasarlı araç alımı. Antakya'dan İskenderun'a tüm ilçelerde hizmet.",
      "districts": ["Antakya", "İskenderun", "Defne", "Samandağ", "Dörtyol", "Kırıkhan", "Reyhanlı", "Arsuz", "Erzin", "Payas"],
      "advantages": [
        "Sınır ticareti merkezi",
        "Liman erişimi",
        "Ticari araç uzmanlığı",
        "Akdeniz kıyı hizmeti"
      ],
      "content": "Hatay'da hasarlı araç alımında profesyonel hizmet. 31 plakalı tüm araçları değerinde satın alıyoruz."
    }
  ]
}
