{
  "features": [
    {
      "id": 1,
      "icon": "security",
      "iconColor": "blue",
      "title": "Resmî ve Güvenli İşlem",
      "description": "Tüm alım satım işlemleri noter huzurunda, yasal prosedürlere uygun ve güvenli bir şekilde gerçekleştirilir."
    },
    {
      "id": 2,
      "icon": "payments",
      "iconColor": "green",
      "title": "Aynı Gün Nakit Ödeme",
      "description": "Noter satışı gerçekleştiği anda ödemeniz banka hesabınıza havale/EFT yoluyla veya nakit olarak yapılır."
    },
    {
      "id": 3,
      "icon": "auto_towing",
      "iconColor": "orange",
      "title": "Ücretsiz Çekici Hizmeti",
      "description": "Aracınız çalışmıyor olsa bile, kendi çekicilerimizle adresinizden tamamen ücretsiz olarak alıyoruz."
    },
    {
      "id": 4,
      "icon": "price_check",
      "iconColor": "primary",
      "title": "Şeffaf Fiyatlandırma",
      "description": "Piyasa koşullarına uygun, aracınızın gerçek değerinde ve şeffaf bir fiyat teklifi sunuyoruz."
    }
  ],
  "processSteps": [
    {
      "id": 1,
      "step": 1,
      "icon": "perm_phone_msg",
      "title": "İletişim",
      "description": "WhatsApp veya telefon üzerinden bize ulaşın, aracınızın bilgilerini paylaşın."
    },
    {
      "id": 2,
      "step": 2,
      "icon": "search",
      "title": "Ön Değerleme",
      "description": "Gönderdiğiniz bilgilere ve fotoğraflara göre size tahmini bir fiyat aralığı sunalım."
    },
    {
      "id": 3,
      "step": 3,
      "icon": "car_repair",
      "title": "Ekspertiz",
      "description": "Aracınızı yerinde inceleyelim, detaylı ekspertiz yaparak net fiyat teklifimizi verelim."
    },
    {
      "id": 4,
      "step": 4,
      "icon": "handshake",
      "title": "Anında Ödeme",
      "description": "Fiyatta anlaşalım, noter satışını yapıp paranızı anında hesabınıza yatıralım."
    }
  ]
}
