{
  "posts": [
    {
      "id": 1,
      "slug": "hasarli-arac-nasil-satilir",
      "title": "Hasarlı Araç Nasıl Satılır? 2024 Rehberi",
      "excerpt": "Hasarlı aracınızı en iyi fiyata satmak için bilmeniz gereken tüm detaylar bu rehberde. Adım adım süreç ve dikkat edilmesi gerekenler.",
      "image": "/images/blog/hasarli-arac-satisi.jpg",
      "category": "Rehber",
      "date": "2024-01-20",
      "readTime": "5 dk"
    },
    {
      "id": 2,
      "slug": "pert-arac-nedir",
      "title": "Pert Araç Nedir? Pert Kayıtlı Araç Satışı",
      "excerpt": "Pert kaydı nedir, nasıl oluşur ve pert kayıtlı aracınızı nasıl satabilirsiniz? Tüm sorularınızın cevabı bu yazıda.",
      "image": "/images/blog/pert-arac.jpg",
      "category": "Bilgi",
      "date": "2024-01-18",
      "readTime": "4 dk"
    },
    {
      "id": 3,
      "slug": "arac-hasar-kaydi-sorgulama",
      "title": "Araç Hasar Kaydı Sorgulama Nasıl Yapılır?",
      "excerpt": "E-devlet üzerinden araç hasar kaydı sorgulama işlemi nasıl yapılır? Tramer ve sigorta kayıtlarını öğrenin.",
      "image": "/images/blog/hasar-sorgulama.jpg",
      "category": "Rehber",
      "date": "2024-01-15",
      "readTime": "3 dk"
    },
    {
      "id": 4,
      "slug": "hurda-arac-tesvik-2024",
      "title": "2024 Hurda Araç Teşviki ve ÖTV İndirimi",
      "excerpt": "Hurda araç teşvikinden nasıl yararlanabilirsiniz? 2024 yılı güncel ÖTV indirimi şartları ve başvuru süreci.",
      "image": "/images/blog/hurda-tesvik.jpg",
      "category": "Güncel",
      "date": "2024-01-12",
      "readTime": "6 dk"
    },
    {
      "id": 5,
      "slug": "kaza-sonrasi-yapilmasi-gerekenler",
      "title": "Trafik Kazası Sonrası Yapılması Gerekenler",
      "excerpt": "Kaza yaptıktan sonra adım adım yapmanız gerekenler. Sigorta işlemleri, tutanak ve hasar tespiti rehberi.",
      "image": "/images/blog/kaza-sonrasi.jpg",
      "category": "Rehber",
      "date": "2024-01-10",
      "readTime": "7 dk"
    },
    {
      "id": 6,
      "slug": "arac-degeri-hesaplama",
      "title": "Hasarlı Araç Değeri Nasıl Hesaplanır?",
      "excerpt": "Hasarlı aracınızın gerçek değerini öğrenin. Hasar oranı, model yılı ve kilometre faktörlerinin fiyata etkisi.",
      "image": "/images/blog/deger-hesaplama.jpg",
      "category": "Bilgi",
      "date": "2024-01-08",
      "readTime": "4 dk"
    }
  ]
}
